Workbook

Sheet 1_Intro
A1: Pile Foundation System Selection Tool
A2: Decision-support workbook (technical). No macros. All formulas are transparent and editable.
A4: How to use
A5: 1) Fill in project and soil inputs on Sheet 2. 2) Review / edit the pile system database on Sheet 3 (add your local systems). 3) Adjust scoring criteria and weights on Sheet 4. 4) Read the automatic ranking and advice on Sheet 5. Tip: Cells with yellow background are intended user inputs.
A8: Built-in scoring logic (overview)
A9: • Each pile system has base ratings (1–5) in the database for key criteria. • Sheet 4 converts your project conditions into criterion-specific scores. • Total Score = SUMPRODUCT(Weights, Scores) / SUM(Weights). • The tool ranks systems and highlights the best option (Sheet 5).
A12: Legend
A13: Yellow = user input | Blue header = section | Grey = notes / read-only guidance
A15: Version
A16: v1.0 | Generated 2026-01-05

Sheet 2_Project_Input
A1: Project & Soil Input
Z2: yesno
A3: Project conditions | Z3: Yes
A4: Project type | B4: Building | C4: Input | Z4: No
A5: Structure sensitivity to vibration | B5: Yes | C5: Input
A6: Noise restrictions | B6: Yes | C6: Input
A7: Low headroom / limited plant access | B7: No | C7: Input | Z7: dropdown_project
A8: Adjacent structures / utilities close by | B8: Yes | C8: Input | Z8: Building
A9: Environmental constraints (spoil, slurry, contamination) | B9: No | C9: Input | Z9: Bridge
A10: Schedule critical (fast installation needed) | B10: No | C10: Input | Z10: Solar farm
A11: Temporary works / removable piles required | B11: No | C11: Input | Z11: Industrial
Z12: Marine
A13: Loads & geometry | Z13: Retaining wall
A14: Required compression capacity (kN) | B14: 1500 | C14: Input | Z14: Temporary works
A15: Required tension capacity (kN) | B15: 300 | C15: Input | Z15: Other
A16: Required lateral capacity (kN) | B16: 200 | C16: Input
A17: Estimated pile length (m) | B17: 12 | C17: Input | Z17: dropdown_soil
A18: Design life (years) | B18: 50 | C18: Input | Z18: Fill
Z19: Clay
A20: Soil & groundwater | Z20: Silt
A21: Dominant soil type | B21: Clay | C21: Input | Z21: Sand
A22: Soil consistency / density | B22: Firm | C22: Input | Z22: Gravel
A23: Obstructions / cobbles / boulders expected | B23: No | C23: Input | Z23: Mixed
A24: Groundwater level / water table | B24: Medium | C24: Input | Z24: Rock
A25: Corrosion / aggressivity risk | B25: Medium | C25: Input
A26: Rock or very dense layer at shallow depth | B26: No | C26: Input | Z26: dropdown_strength
A27: Contamination present | B27: No | C27: Input | Z27: Very soft/Loose
Z28: Soft
Z29: Firm/Medium dense
A30: Notes: • Enter site-specific data as available. • The database ratings are generic starting points; adjust for your region, equipment, and standards. • Always validate results with engineering judgment and applicable codes. | Z30: Stiff/Dense
Z31: Very stiff/Very dense
Z32: Hard/Refusal
Z34: dropdown_wt
Z35: Low
Z36: Medium
Z37: High
Z39: dropdown_risk
Z40: Low
Z41: Medium
Z42: High

Sheet 3_Pile_DB
A1: Database of Pile Systems (editable)
A2: Edit ratings 1–5 where 5 is most favorable for the criterion (e.g., low vibration/noise, high suitability).
A4: System_ID | B4: Pile_System | C4: Type | D4: Notes | E4: Min_Capacity_kN | F4: Max_Capacity_kN | G4: Typical_Diameter_mm | H4: Vibration_Rating | I4: Noise_Rating | J4: Speed_Rating | K4: Spoil_Rating | L4: Obstruction_Tolerance | M4: WaterTable_Suitability | N4: Corrosion_Suitability | O4: RockRefusal_Risk | P4: QA_Controllability | Q4: Removability | R4: Carbon_Impact
A5: 1 | B5: Screw piles | C5: Helical | D5: Low vibration; good in restricted sites | E5: 100 | F5: 1200 | G5: 273 | H5: 5 | I5: 4 | J5: 4 | K5: 5 | L5: 2 | M5: 3 | N5: 3 | O5: 3 | P5: 4 | Q5: 5 | R5: 4
A6: 2 | B6: Steel pipe (driven) | C6: Driven | D6: High capacity; vibration/noise can be high | E6: 500 | F6: 5000 | G6: 600 | H6: 2 | I6: 2 | J6: 4 | K6: 5 | L6: 3 | M6: 3 | N6: 3 | O6: 2 | P6: 4 | Q6: 2 | R6: 3
A7: 3 | B7: Steel pipe (bored) | C7: Bored | D7: Lower vibration; spoil generated | E7: 300 | F7: 4000 | G7: 800 | H7: 4 | I7: 4 | J7: 3 | K7: 2 | L7: 3 | M7: 4 | N7: 3 | O7: 3 | P7: 4 | Q7: 1 | R7: 3
A8: 4 | B8: Prefab concrete (driven) | C8: Driven | D8: Fast installation; vibration/noise | E8: 400 | F8: 4000 | G8: 400 | H8: 2 | I8: 2 | J8: 5 | K8: 5 | L8: 3 | M8: 3 | N8: 4 | O8: 2 | P8: 4 | Q8: 1 | R8: 3
A9: 5 | B9: CFA (continuous flight auger) | C9: Bored | D9: Low vibration; produces spoil | E9: 300 | F9: 3500 | G9: 600 | H9: 5 | I9: 4 | J9: 3 | K9: 2 | L9: 3 | M9: 4 | N9: 3 | O9: 3 | P9: 4 | Q9: 1 | R9: 3
A10: 6 | B10: Bored cast-in-place | C10: Bored | D10: Flexible; good in mixed ground; slower | E10: 300 | F10: 6000 | G10: 1200 | H10: 5 | I10: 4 | J10: 2 | K10: 2 | L10: 4 | M10: 4 | N10: 3 | O10: 3 | P10: 4 | Q10: 1 | R10: 3
A11: 7 | B11: Micropiles | C11: Drilled | D11: Very flexible; good for underpinning; slower | E11: 200 | F11: 2000 | G11: 200 | H11: 5 | I11: 4 | J11: 2 | K11: 3 | L11: 4 | M11: 4 | N11: 3 | O11: 4 | P11: 4 | Q11: 1 | R11: 3
A12: 8 | B12: H-piles (driven steel) | C12: Driven | D12: Efficient; vibration/noise; good obstructions | E12: 300 | F12: 3500 | G12: 300 | H12: 2 | I12: 2 | J12: 5 | K12: 5 | L12: 4 | M12: 3 | N12: 3 | O12: 2 | P12: 4 | Q12: 2 | R12: 3

Sheet 4_Scoring_Model
A1: Scoring & Weighted Calculation Model
A2: Adjust weights (0–1). Scores are calculated per pile system using database ratings + project inputs.
A4: Criterion | B4: Weight | C4: Driver (from Sheet 2) | D4: Score logic (transparent) | F4: Criterion | G4: Screw piles | H4: Steel pipe (driven) | I4: Steel pipe (bored) | J4: Prefab concrete (driven) | K4: CFA (continuous flight auger) | L4: Bored cast-in-place | M4: Micropiles | N4: H-piles (driven steel)
A5: Capacity fit (compression) | B5: 0.18 | C5: Req. compression vs DB min/max | D5: 5 if within range; 3 if slightly above min; 1 if exceeds max | F5: Capacity fit (compression) | G5: =IF('2_Project_Input'!B14<=(INDEX(tblPileDB[Max_Capacity_kN],MATCH(G$4,tblPileDB[Pile_System],0))),IF('2_Project_Input'!B14>=(INDEX(tblPileDB[Min_Capacity_kN],MATCH(G$4,tblPileDB[Pile_System],0))),5,3),1) | H5: =IF('2_Project_Input'!B14<=(INDEX(tblPileDB[Max_Capacity_kN],MATCH(H$4,tblPileDB[Pile_System],0))),IF('2_Project_Input'!B14>=(INDEX(tblPileDB[Min_Capacity_kN],MATCH(H$4,tblPileDB[Pile_System],0))),5,3),1) | I5: =IF('2_Project_Input'!B14<=(INDEX(tblPileDB[Max_Capacity_kN],MATCH(I$4,tblPileDB[Pile_System],0))),IF('2_Project_Input'!B14>=(INDEX(tblPileDB[Min_Capacity_kN],MATCH(I$4,tblPileDB[Pile_System],0))),5,3),1) | J5: =IF('2_Project_Input'!B14<=(INDEX(tblPileDB[Max_Capacity_kN],MATCH(J$4,tblPileDB[Pile_System],0))),IF('2_Project_Input'!B14>=(INDEX(tblPileDB[Min_Capacity_kN],MATCH(J$4,tblPileDB[Pile_System],0))),5,3),1) | K5: =IF('2_Project_Input'!B14<=(INDEX(tblPileDB[Max_Capacity_kN],MATCH(K$4,tblPileDB[Pile_System],0))),IF('2_Project_Input'!B14>=(INDEX(tblPileDB[Min_Capacity_kN],MATCH(K$4,tblPileDB[Pile_System],0))),5,3),1) | L5: =IF('2_Project_Input'!B14<=(INDEX(tblPileDB[Max_Capacity_kN],MATCH(L$4,tblPileDB[Pile_System],0))),IF('2_Project_Input'!B14>=(INDEX(tblPileDB[Min_Capacity_kN],MATCH(L$4,tblPileDB[Pile_System],0))),5,3),1) | M5: =IF('2_Project_Input'!B14<=(INDEX(tblPileDB[Max_Capacity_kN],MATCH(M$4,tblPileDB[Pile_System],0))),IF('2_Project_Input'!B14>=(INDEX(tblPileDB[Min_Capacity_kN],MATCH(M$4,tblPileDB[Pile_System],0))),5,3),1) | N5: =IF('2_Project_Input'!B14<=(INDEX(tblPileDB[Max_Capacity_kN],MATCH(N$4,tblPileDB[Pile_System],0))),IF('2_Project_Input'!B14>=(INDEX(tblPileDB[Min_Capacity_kN],MATCH(N$4,tblPileDB[Pile_System],0))),5,3),1)
A6: Vibration (if sensitive) | B6: 0.1 | C6: Vibration sensitive? (Yes/No) | D6: If Yes → use DB Vibration_Rating, else neutral 3 | F6: Vibration (if sensitive) | G6: =IF('2_Project_Input'!B5="Yes",INDEX(tblPileDB[Vibration_Rating],MATCH(G$4,tblPileDB[Pile_System],0)),3) | H6: =IF('2_Project_Input'!B5="Yes",INDEX(tblPileDB[Vibration_Rating],MATCH(H$4,tblPileDB[Pile_System],0)),3) | I6: =IF('2_Project_Input'!B5="Yes",INDEX(tblPileDB[Vibration_Rating],MATCH(I$4,tblPileDB[Pile_System],0)),3) | J6: =IF('2_Project_Input'!B5="Yes",INDEX(tblPileDB[Vibration_Rating],MATCH(J$4,tblPileDB[Pile_System],0)),3) | K6: =IF('2_Project_Input'!B5="Yes",INDEX(tblPileDB[Vibration_Rating],MATCH(K$4,tblPileDB[Pile_System],0)),3) | L6: =IF('2_Project_Input'!B5="Yes",INDEX(tblPileDB[Vibration_Rating],MATCH(L$4,tblPileDB[Pile_System],0)),3) | M6: =IF('2_Project_Input'!B5="Yes",INDEX(tblPileDB[Vibration_Rating],MATCH(M$4,tblPileDB[Pile_System],0)),3) | N6: =IF('2_Project_Input'!B5="Yes",INDEX(tblPileDB[Vibration_Rating],MATCH(N$4,tblPileDB[Pile_System],0)),3)
A7: Noise (if restricted) | B7: 0.08 | C7: Noise restrictions? (Yes/No) | D7: If Yes → use DB Noise_Rating, else neutral 3 | F7: Noise (if restricted) | G7: =IF('2_Project_Input'!B6="Yes",INDEX(tblPileDB[Noise_Rating],MATCH(G$4,tblPileDB[Pile_System],0)),3) | H7: =IF('2_Project_Input'!B6="Yes",INDEX(tblPileDB[Noise_Rating],MATCH(H$4,tblPileDB[Pile_System],0)),3) | I7: =IF('2_Project_Input'!B6="Yes",INDEX(tblPileDB[Noise_Rating],MATCH(I$4,tblPileDB[Pile_System],0)),3) | J7: =IF('2_Project_Input'!B6="Yes",INDEX(tblPileDB[Noise_Rating],MATCH(J$4,tblPileDB[Pile_System],0)),3) | K7: =IF('2_Project_Input'!B6="Yes",INDEX(tblPileDB[Noise_Rating],MATCH(K$4,tblPileDB[Pile_System],0)),3) | L7: =IF('2_Project_Input'!B6="Yes",INDEX(tblPileDB[Noise_Rating],MATCH(L$4,tblPileDB[Pile_System],0)),3) | M7: =IF('2_Project_Input'!B6="Yes",INDEX(tblPileDB[Noise_Rating],MATCH(M$4,tblPileDB[Pile_System],0)),3) | N7: =IF('2_Project_Input'!B6="Yes",INDEX(tblPileDB[Noise_Rating],MATCH(N$4,tblPileDB[Pile_System],0)),3)
A8: Access / low headroom | B8: 0.08 | C8: Low headroom? (Yes/No) | D8: If Yes → penalize systems needing large rigs (via Speed proxy); else 3 | F8: Access / low headroom | G8: =IF('2_Project_Input'!B7="Yes",MAX(1,MIN(5,INDEX(tblPileDB[Speed_Rating],MATCH(G$4,tblPileDB[Pile_System],0))-1)),3) | H8: =IF('2_Project_Input'!B7="Yes",MAX(1,MIN(5,INDEX(tblPileDB[Speed_Rating],MATCH(H$4,tblPileDB[Pile_System],0))-1)),3) | I8: =IF('2_Project_Input'!B7="Yes",MAX(1,MIN(5,INDEX(tblPileDB[Speed_Rating],MATCH(I$4,tblPileDB[Pile_System],0))-1)),3) | J8: =IF('2_Project_Input'!B7="Yes",MAX(1,MIN(5,INDEX(tblPileDB[Speed_Rating],MATCH(J$4,tblPileDB[Pile_System],0))-1)),3) | K8: =IF('2_Project_Input'!B7="Yes",MAX(1,MIN(5,INDEX(tblPileDB[Speed_Rating],MATCH(K$4,tblPileDB[Pile_System],0))-1)),3) | L8: =IF('2_Project_Input'!B7="Yes",MAX(1,MIN(5,INDEX(tblPileDB[Speed_Rating],MATCH(L$4,tblPileDB[Pile_System],0))-1)),3) | M8: =IF('2_Project_Input'!B7="Yes",MAX(1,MIN(5,INDEX(tblPileDB[Speed_Rating],MATCH(M$4,tblPileDB[Pile_System],0))-1)),3) | N8: =IF('2_Project_Input'!B7="Yes",MAX(1,MIN(5,INDEX(tblPileDB[Speed_Rating],MATCH(N$4,tblPileDB[Pile_System],0))-1)),3)
A9: Obstructions tolerance | B9: 0.1 | C9: Obstructions expected? (Yes/No) | D9: If Yes → use DB Obstruction_Tolerance, else 3 | F9: Obstructions tolerance | G9: =IF('2_Project_Input'!B23="Yes",INDEX(tblPileDB[Obstruction_Tolerance],MATCH(G$4,tblPileDB[Pile_System],0)),3) | H9: =IF('2_Project_Input'!B23="Yes",INDEX(tblPileDB[Obstruction_Tolerance],MATCH(H$4,tblPileDB[Pile_System],0)),3) | I9: =IF('2_Project_Input'!B23="Yes",INDEX(tblPileDB[Obstruction_Tolerance],MATCH(I$4,tblPileDB[Pile_System],0)),3) | J9: =IF('2_Project_Input'!B23="Yes",INDEX(tblPileDB[Obstruction_Tolerance],MATCH(J$4,tblPileDB[Pile_System],0)),3) | K9: =IF('2_Project_Input'!B23="Yes",INDEX(tblPileDB[Obstruction_Tolerance],MATCH(K$4,tblPileDB[Pile_System],0)),3) | L9: =IF('2_Project_Input'!B23="Yes",INDEX(tblPileDB[Obstruction_Tolerance],MATCH(L$4,tblPileDB[Pile_System],0)),3) | M9: =IF('2_Project_Input'!B23="Yes",INDEX(tblPileDB[Obstruction_Tolerance],MATCH(M$4,tblPileDB[Pile_System],0)),3) | N9: =IF('2_Project_Input'!B23="Yes",INDEX(tblPileDB[Obstruction_Tolerance],MATCH(N$4,tblPileDB[Pile_System],0)),3)
A10: Water table suitability | B10: 0.08 | C10: Water table level | D10: If High → use DB WaterTable_Suitability; Medium → average with 3; Low → 3 | F10: Water table suitability | G10: =IF('2_Project_Input'!B24="High",INDEX(tblPileDB[WaterTable_Suitability],MATCH(G$4,tblPileDB[Pile_System],0)),IF('2_Project_Input'!B24="Medium",AVERAGE(INDEX(tblPileDB[WaterTable_Suitability],MATCH(G$4,tblPileDB[Pile_System],0)),3),3)) | H10: =IF('2_Project_Input'!B24="High",INDEX(tblPileDB[WaterTable_Suitability],MATCH(H$4,tblPileDB[Pile_System],0)),IF('2_Project_Input'!B24="Medium",AVERAGE(INDEX(tblPileDB[WaterTable_Suitability],MATCH(H$4,tblPileDB[Pile_System],0)),3),3)) | I10: =IF('2_Project_Input'!B24="High",INDEX(tblPileDB[WaterTable_Suitability],MATCH(I$4,tblPileDB[Pile_System],0)),IF('2_Project_Input'!B24="Medium",AVERAGE(INDEX(tblPileDB[WaterTable_Suitability],MATCH(I$4,tblPileDB[Pile_System],0)),3),3)) | J10: =IF('2_Project_Input'!B24="High",INDEX(tblPileDB[WaterTable_Suitability],MATCH(J$4,tblPileDB[Pile_System],0)),IF('2_Project_Input'!B24="Medium",AVERAGE(INDEX(tblPileDB[WaterTable_Suitability],MATCH(J$4,tblPileDB[Pile_System],0)),3),3)) | K10: =IF('2_Project_Input'!B24="High",INDEX(tblPileDB[WaterTable_Suitability],MATCH(K$4,tblPileDB[Pile_System],0)),IF('2_Project_Input'!B24="Medium",AVERAGE(INDEX(tblPileDB[WaterTable_Suitability],MATCH(K$4,tblPileDB[Pile_System],0)),3),3)) | L10: =IF('2_Project_Input'!B24="High",INDEX(tblPileDB[WaterTable_Suitability],MATCH(L$4,tblPileDB[Pile_System],0)),IF('2_Project_Input'!B24="Medium",AVERAGE(INDEX(tblPileDB[WaterTable_Suitability],MATCH(L$4,tblPileDB[Pile_System],0)),3),3)) | M10: =IF('2_Project_Input'!B24="High",INDEX(tblPileDB[WaterTable_Suitability],MATCH(M$4,tblPileDB[Pile_System],0)),IF('2_Project_Input'!B24="Medium",AVERAGE(INDEX(tblPileDB[WaterTable_Suitability],MATCH(M$4,tblPileDB[Pile_System],0)),3),3)) | N10: =IF('2_Project_Input'!B24="High",INDEX(tblPileDB[WaterTable_Suitability],MATCH(N$4,tblPileDB[Pile_System],0)),IF('2_Project_Input'!B24="Medium",AVERAGE(INDEX(tblPileDB[WaterTable_Suitability],MATCH(N$4,tblPileDB[Pile_System],0)),3),3))
A11: Corrosion suitability | B11: 0.08 | C11: Corrosion risk | D11: If High → use DB Corrosion_Suitability; Medium → average with 3; Low → 3 | F11: Corrosion suitability | G11: =IF('2_Project_Input'!B25="High",INDEX(tblPileDB[Corrosion_Suitability],MATCH(G$4,tblPileDB[Pile_System],0)),IF('2_Project_Input'!B25="Medium",AVERAGE(INDEX(tblPileDB[Corrosion_Suitability],MATCH(G$4,tblPileDB[Pile_System],0)),3),3)) | H11: =IF('2_Project_Input'!B25="High",INDEX(tblPileDB[Corrosion_Suitability],MATCH(H$4,tblPileDB[Pile_System],0)),IF('2_Project_Input'!B25="Medium",AVERAGE(INDEX(tblPileDB[Corrosion_Suitability],MATCH(H$4,tblPileDB[Pile_System],0)),3),3)) | I11: =IF('2_Project_Input'!B25="High",INDEX(tblPileDB[Corrosion_Suitability],MATCH(I$4,tblPileDB[Pile_System],0)),IF('2_Project_Input'!B25="Medium",AVERAGE(INDEX(tblPileDB[Corrosion_Suitability],MATCH(I$4,tblPileDB[Pile_System],0)),3),3)) | J11: =IF('2_Project_Input'!B25="High",INDEX(tblPileDB[Corrosion_Suitability],MATCH(J$4,tblPileDB[Pile_System],0)),IF('2_Project_Input'!B25="Medium",AVERAGE(INDEX(tblPileDB[Corrosion_Suitability],MATCH(J$4,tblPileDB[Pile_System],0)),3),3)) | K11: =IF('2_Project_Input'!B25="High",INDEX(tblPileDB[Corrosion_Suitability],MATCH(K$4,tblPileDB[Pile_System],0)),IF('2_Project_Input'!B25="Medium",AVERAGE(INDEX(tblPileDB[Corrosion_Suitability],MATCH(K$4,tblPileDB[Pile_System],0)),3),3)) | L11: =IF('2_Project_Input'!B25="High",INDEX(tblPileDB[Corrosion_Suitability],MATCH(L$4,tblPileDB[Pile_System],0)),IF('2_Project_Input'!B25="Medium",AVERAGE(INDEX(tblPileDB[Corrosion_Suitability],MATCH(L$4,tblPileDB[Pile_System],0)),3),3)) | M11: =IF('2_Project_Input'!B25="High",INDEX(tblPileDB[Corrosion_Suitability],MATCH(M$4,tblPileDB[Pile_System],0)),IF('2_Project_Input'!B25="Medium",AVERAGE(INDEX(tblPileDB[Corrosion_Suitability],MATCH(M$4,tblPileDB[Pile_System],0)),3),3)) | N11: =IF('2_Project_Input'!B25="High",INDEX(tblPileDB[Corrosion_Suitability],MATCH(N$4,tblPileDB[Pile_System],0)),IF('2_Project_Input'!B25="Medium",AVERAGE(INDEX(tblPileDB[Corrosion_Suitability],MATCH(N$4,tblPileDB[Pile_System],0)),3),3))
A12: Speed / schedule | B12: 0.1 | C12: Schedule critical? (Yes/No) | D12: If Yes → use DB Speed_Rating; else 3 | F12: Speed / schedule | G12: =IF('2_Project_Input'!B10="Yes",INDEX(tblPileDB[Speed_Rating],MATCH(G$4,tblPileDB[Pile_System],0)),3) | H12: =IF('2_Project_Input'!B10="Yes",INDEX(tblPileDB[Speed_Rating],MATCH(H$4,tblPileDB[Pile_System],0)),3) | I12: =IF('2_Project_Input'!B10="Yes",INDEX(tblPileDB[Speed_Rating],MATCH(I$4,tblPileDB[Pile_System],0)),3) | J12: =IF('2_Project_Input'!B10="Yes",INDEX(tblPileDB[Speed_Rating],MATCH(J$4,tblPileDB[Pile_System],0)),3) | K12: =IF('2_Project_Input'!B10="Yes",INDEX(tblPileDB[Speed_Rating],MATCH(K$4,tblPileDB[Pile_System],0)),3) | L12: =IF('2_Project_Input'!B10="Yes",INDEX(tblPileDB[Speed_Rating],MATCH(L$4,tblPileDB[Pile_System],0)),3) | M12: =IF('2_Project_Input'!B10="Yes",INDEX(tblPileDB[Speed_Rating],MATCH(M$4,tblPileDB[Pile_System],0)),3) | N12: =IF('2_Project_Input'!B10="Yes",INDEX(tblPileDB[Speed_Rating],MATCH(N$4,tblPileDB[Pile_System],0)),3)
A13: Spoil / environmental | B13: 0.08 | C13: Environmental constraints? (Yes/No) | D13: If Yes → use DB Spoil_Rating; else 3 | F13: Spoil / environmental | G13: =IF('2_Project_Input'!B9="Yes",INDEX(tblPileDB[Spoil_Rating],MATCH(G$4,tblPileDB[Pile_System],0)),3) | H13: =IF('2_Project_Input'!B9="Yes",INDEX(tblPileDB[Spoil_Rating],MATCH(H$4,tblPileDB[Pile_System],0)),3) | I13: =IF('2_Project_Input'!B9="Yes",INDEX(tblPileDB[Spoil_Rating],MATCH(I$4,tblPileDB[Pile_System],0)),3) | J13: =IF('2_Project_Input'!B9="Yes",INDEX(tblPileDB[Spoil_Rating],MATCH(J$4,tblPileDB[Pile_System],0)),3) | K13: =IF('2_Project_Input'!B9="Yes",INDEX(tblPileDB[Spoil_Rating],MATCH(K$4,tblPileDB[Pile_System],0)),3) | L13: =IF('2_Project_Input'!B9="Yes",INDEX(tblPileDB[Spoil_Rating],MATCH(L$4,tblPileDB[Pile_System],0)),3) | M13: =IF('2_Project_Input'!B9="Yes",INDEX(tblPileDB[Spoil_Rating],MATCH(M$4,tblPileDB[Pile_System],0)),3) | N13: =IF('2_Project_Input'!B9="Yes",INDEX(tblPileDB[Spoil_Rating],MATCH(N$4,tblPileDB[Pile_System],0)),3)
A14: QA / controllability | B14: 0.07 | C14: Always | D14: Use DB QA_Controllability | F14: QA / controllability | G14: =INDEX(tblPileDB[QA_Controllability],MATCH(G$4,tblPileDB[Pile_System],0)) | H14: =INDEX(tblPileDB[QA_Controllability],MATCH(H$4,tblPileDB[Pile_System],0)) | I14: =INDEX(tblPileDB[QA_Controllability],MATCH(I$4,tblPileDB[Pile_System],0)) | J14: =INDEX(tblPileDB[QA_Controllability],MATCH(J$4,tblPileDB[Pile_System],0)) | K14: =INDEX(tblPileDB[QA_Controllability],MATCH(K$4,tblPileDB[Pile_System],0)) | L14: =INDEX(tblPileDB[QA_Controllability],MATCH(L$4,tblPileDB[Pile_System],0)) | M14: =INDEX(tblPileDB[QA_Controllability],MATCH(M$4,tblPileDB[Pile_System],0)) | N14: =INDEX(tblPileDB[QA_Controllability],MATCH(N$4,tblPileDB[Pile_System],0))
A15: Removability / temporary | B15: 0.03 | C15: Temporary works? (Yes/No) | D15: If Yes → use DB Removability; else 3 | F15: Removability / temporary | G15: =IF('2_Project_Input'!B11="Yes",INDEX(tblPileDB[Removability],MATCH(G$4,tblPileDB[Pile_System],0)),3) | H15: =IF('2_Project_Input'!B11="Yes",INDEX(tblPileDB[Removability],MATCH(H$4,tblPileDB[Pile_System],0)),3) | I15: =IF('2_Project_Input'!B11="Yes",INDEX(tblPileDB[Removability],MATCH(I$4,tblPileDB[Pile_System],0)),3) | J15: =IF('2_Project_Input'!B11="Yes",INDEX(tblPileDB[Removability],MATCH(J$4,tblPileDB[Pile_System],0)),3) | K15: =IF('2_Project_Input'!B11="Yes",INDEX(tblPileDB[Removability],MATCH(K$4,tblPileDB[Pile_System],0)),3) | L15: =IF('2_Project_Input'!B11="Yes",INDEX(tblPileDB[Removability],MATCH(L$4,tblPileDB[Pile_System],0)),3) | M15: =IF('2_Project_Input'!B11="Yes",INDEX(tblPileDB[Removability],MATCH(M$4,tblPileDB[Pile_System],0)),3) | N15: =IF('2_Project_Input'!B11="Yes",INDEX(tblPileDB[Removability],MATCH(N$4,tblPileDB[Pile_System],0)),3)
A16: Carbon impact (relative) | B16: 0.02 | C16: Always | D16: Use DB Carbon_Impact | F16: Carbon impact (relative) | G16: =INDEX(tblPileDB[Carbon_Impact],MATCH(G$4,tblPileDB[Pile_System],0)) | H16: =INDEX(tblPileDB[Carbon_Impact],MATCH(H$4,tblPileDB[Pile_System],0)) | I16: =INDEX(tblPileDB[Carbon_Impact],MATCH(I$4,tblPileDB[Pile_System],0)) | J16: =INDEX(tblPileDB[Carbon_Impact],MATCH(J$4,tblPileDB[Pile_System],0)) | K16: =INDEX(tblPileDB[Carbon_Impact],MATCH(K$4,tblPileDB[Pile_System],0)) | L16: =INDEX(tblPileDB[Carbon_Impact],MATCH(L$4,tblPileDB[Pile_System],0)) | M16: =INDEX(tblPileDB[Carbon_Impact],MATCH(M$4,tblPileDB[Pile_System],0)) | N16: =INDEX(tblPileDB[Carbon_Impact],MATCH(N$4,tblPileDB[Pile_System],0))
A17: Weight sum check | B17: =SUM(B5:B16)
F18: Total score (weighted) | G18: =IF(SUM($B$5:$B$16)=0,"",SUMPRODUCT($B$5:$B$16,G$5:G$16)/SUM($B$5:$B$16)) | H18: =IF(SUM($B$5:$B$16)=0,"",SUMPRODUCT($B$5:$B$16,H$5:H$16)/SUM($B$5:$B$16)) | I18: =IF(SUM($B$5:$B$16)=0,"",SUMPRODUCT($B$5:$B$16,I$5:I$16)/SUM($B$5:$B$16)) | J18: =IF(SUM($B$5:$B$16)=0,"",SUMPRODUCT($B$5:$B$16,J$5:J$16)/SUM($B$5:$B$16)) | K18: =IF(SUM($B$5:$B$16)=0,"",SUMPRODUCT($B$5:$B$16,K$5:K$16)/SUM($B$5:$B$16)) | L18: =IF(SUM($B$5:$B$16)=0,"",SUMPRODUCT($B$5:$B$16,L$5:L$16)/SUM($B$5:$B$16)) | M18: =IF(SUM($B$5:$B$16)=0,"",SUMPRODUCT($B$5:$B$16,M$5:M$16)/SUM($B$5:$B$16)) | N18: =IF(SUM($B$5:$B$16)=0,"",SUMPRODUCT($B$5:$B$16,N$5:N$16)/SUM($B$5:$B$16))

Sheet 5_Advice
A1: Automatic Advice & Conclusion
A2: The ranking below is generated from the weighted scores on Sheet 4. Always verify with design standards and engineering judgment.
A4: Results
F5: System | G5: Score
A6: Rank | B6: Pile System | C6: Total Score | D6: Flags / reminders | F6: Screw piles | G6: ='4_Scoring_Model'!G18
A7: =RANK.EQ(G6,$G$6:$G$13,0) | B7: =F6 | C7: =G6 | D7: =TEXTJOIN(", ",TRUE,IF('2_Project_Input'!B5="Yes","check vibration",""),IF('2_Project_Input'!B6="Yes","check noise",""),IF('2_Project_Input'!B23="Yes","obstructions present",""),IF('2_Project_Input'!B24="High","high water table",""),IF('2_Project_Input'!B25="High","high corrosion",""),IF('2_Project_Input'!B26="Yes","shallow rock risk","")) | F7: Steel pipe (driven) | G7: ='4_Scoring_Model'!H18
A8: =RANK.EQ(G7,$G$6:$G$13,0) | B8: =F7 | C8: =G7 | D8: =TEXTJOIN(", ",TRUE,IF('2_Project_Input'!B5="Yes","check vibration",""),IF('2_Project_Input'!B6="Yes","check noise",""),IF('2_Project_Input'!B23="Yes","obstructions present",""),IF('2_Project_Input'!B24="High","high water table",""),IF('2_Project_Input'!B25="High","high corrosion",""),IF('2_Project_Input'!B26="Yes","shallow rock risk","")) | F8: Steel pipe (bored) | G8: ='4_Scoring_Model'!I18
A9: =RANK.EQ(G8,$G$6:$G$13,0) | B9: =F8 | C9: =G8 | D9: =TEXTJOIN(", ",TRUE,IF('2_Project_Input'!B5="Yes","check vibration",""),IF('2_Project_Input'!B6="Yes","check noise",""),IF('2_Project_Input'!B23="Yes","obstructions present",""),IF('2_Project_Input'!B24="High","high water table",""),IF('2_Project_Input'!B25="High","high corrosion",""),IF('2_Project_Input'!B26="Yes","shallow rock risk","")) | F9: Prefab concrete (driven) | G9: ='4_Scoring_Model'!J18
A10: =RANK.EQ(G9,$G$6:$G$13,0) | B10: =F9 | C10: =G9 | D10: =TEXTJOIN(", ",TRUE,IF('2_Project_Input'!B5="Yes","check vibration",""),IF('2_Project_Input'!B6="Yes","check noise",""),IF('2_Project_Input'!B23="Yes","obstructions present",""),IF('2_Project_Input'!B24="High","high water table",""),IF('2_Project_Input'!B25="High","high corrosion",""),IF('2_Project_Input'!B26="Yes","shallow rock risk","")) | F10: CFA (continuous flight auger) | G10: ='4_Scoring_Model'!K18
A11: =RANK.EQ(G10,$G$6:$G$13,0) | B11: =F10 | C11: =G10 | D11: =TEXTJOIN(", ",TRUE,IF('2_Project_Input'!B5="Yes","check vibration",""),IF('2_Project_Input'!B6="Yes","check noise",""),IF('2_Project_Input'!B23="Yes","obstructions present",""),IF('2_Project_Input'!B24="High","high water table",""),IF('2_Project_Input'!B25="High","high corrosion",""),IF('2_Project_Input'!B26="Yes","shallow rock risk","")) | F11: Bored cast-in-place | G11: ='4_Scoring_Model'!L18
A12: =RANK.EQ(G11,$G$6:$G$13,0) | B12: =F11 | C12: =G11 | D12: =TEXTJOIN(", ",TRUE,IF('2_Project_Input'!B5="Yes","check vibration",""),IF('2_Project_Input'!B6="Yes","check noise",""),IF('2_Project_Input'!B23="Yes","obstructions present",""),IF('2_Project_Input'!B24="High","high water table",""),IF('2_Project_Input'!B25="High","high corrosion",""),IF('2_Project_Input'!B26="Yes","shallow rock risk","")) | F12: Micropiles | G12: ='4_Scoring_Model'!M18
A13: =RANK.EQ(G12,$G$6:$G$13,0) | B13: =F12 | C13: =G12 | D13: =TEXTJOIN(", ",TRUE,IF('2_Project_Input'!B5="Yes","check vibration",""),IF('2_Project_Input'!B6="Yes","check noise",""),IF('2_Project_Input'!B23="Yes","obstructions present",""),IF('2_Project_Input'!B24="High","high water table",""),IF('2_Project_Input'!B25="High","high corrosion",""),IF('2_Project_Input'!B26="Yes","shallow rock risk","")) | F13: H-piles (driven steel) | G13: ='4_Scoring_Model'!N18
A14: Recommended (Top ranked) pile system: | B14: =INDEX(B7:B14,MATCH(1,A7:A14,0)) | C14: =G13 | D14: =TEXTJOIN(", ",TRUE,IF('2_Project_Input'!B5="Yes","check vibration",""),IF('2_Project_Input'!B6="Yes","check noise",""),IF('2_Project_Input'!B23="Yes","obstructions present",""),IF('2_Project_Input'!B24="High","high water table",""),IF('2_Project_Input'!B25="High","high corrosion",""),IF('2_Project_Input'!B26="Yes","shallow rock risk",""))
B15: Top score: | C15: =INDEX(C7:C14,MATCH(1,A7:A14,0))
A17: Engineering reminders
A18: This workbook provides a structured comparison only. Confirm with: • Geotechnical interpretive report and laboratory/field test data • Constructability review and local contractor capability • Applicable codes/standards (e.g., EC7 / AASHTO / local) • Trial piles / load tests where required
